{
    "이름": "강인아C",
    "전화번호뒷자리": "1024",
    "중지": {
        "사이즈": "11",
        "피치": {
            "left": "3/8",
            "reverse": "1/16",
            "forward": ""
        }
    },
    "약지": {
        "사이즈": "41",
        "피치": {
            "right": "1/4",
            "reverse": "1/4",
            "forward": ""
        }
    },
    "스팬": {
        "중지": "3 13/16",
        "약지": "3 11/16"
    },
    "엄지": {
        "사이즈": "21>55))57",
        "피치": {
            "left": "",
            "right": "1/16",
            "reverse": "1/8",
            "forward": ""
        }
    },
    "PAP": {
        "수평": "",
        "수직": ""
    },
    "레이아웃": "",
    "틸트": "",
    "로테이션": "",
    "메모": "엄지관절 유연, 턱은 두꺼운편\n라운딩 조금필요\n약지유연성이떨어짐\n\n최근에\n중지스판 1/16^\n중지포워드 > 리버스\n약지 리버스 1/4",
    "CUT": {
        "중약지": "CUT",
        "엄지": ""
    },
    "브릿지": "1/4",
    "토글상태": true,
    "hand": "오른손",
    "grip": "클래식"
}