{
    "이름": "신현감",
    "전화번호뒷자리": "8781",
    "중지": {
        "사이즈": "",
        "피치": {
            "left": "",
            "reverse": "",
            "forward": ""
        }
    },
    "약지": {
        "사이즈": "",
        "피치": {
            "right": "",
            "reverse": "",
            "forward": ""
        }
    },
    "스팬": {
        "중지": "",
        "약지": ""
    },
    "엄지": {
        "사이즈": "",
        "피치": {
            "left": "",
            "right": "",
            "reverse": "",
            "forward": ""
        }
    },
    "PAP": {
        "수평": "",
        "수직": ""
    },
    "레이아웃": "",
    "틸트": "",
    "로테이션": "",
    "메모": "",
    "CUT": {
        "중약지": "",
        "엄지": ""
    },
    "브릿지": "",
    "토글상태": false,
    "hand": "왼손"
}