{
    "이름": "신현감T",
    "전화번호뒷자리": "8781",
    "중지": {
        "사이즈": "45",
        "피치": {
            "left": "3/8",
            "reverse": "1",
            "forward": ""
        }
    },
    "약지": {
        "사이즈": "11",
        "피치": {
            "right": "3/8",
            "reverse": "1",
            "forward": ""
        }
    },
    "스팬": {
        "중지": "",
        "약지": ""
    },
    "엄지": {
        "사이즈": "",
        "피치": {
            "left": "",
            "right": "",
            "reverse": "",
            "forward": ""
        }
    },
    "PAP": {
        "수평": "5 1/4",
        "수직": "D 1/4"
    },
    "레이아웃": "5 x 4 x 3",
    "틸트": "-10",
    "로테이션": "30",
    "메모": "베큠 1 3/64 ",
    "CUT": {
        "중약지": "CUT",
        "엄지": ""
    },
    "브릿지": "1/4",
    "토글상태": true,
    "hand": "오른손",
    "grip": "덤리스"
}