{
    "이름": "신현감C",
    "전화번호뒷자리": "8781",
    "중지": {
        "사이즈": "47",
        "피치": {
            "left": "3/8",
            "reverse": "7/16",
            "forward": ""
        }
    },
    "약지": {
        "사이즈": "45",
        "피치": {
            "right": "5/16",
            "reverse": "9/16",
            "forward": ""
        }
    },
    "스팬": {
        "중지": "3 15/16",
        "약지": "3 15/16"
    },
    "엄지": {
        "사이즈": "51>61))1",
        "피치": {
            "left": "1/8",
            "right": "",
            "reverse": "3/16",
            "forward": ""
        }
    },
    "PAP": {
        "수평": "4 1/4",
        "수직": "U1"
    },
    "레이아웃": "5 x 4 x 3",
    "틸트": "-10",
    "로테이션": "30",
    "메모": "엄지 유연성 많이 안좋음\n\n엄지 짧음\n\n돈카터그립",
    "CUT": {
        "중약지": "CUT",
        "엄지": ""
    },
    "브릿지": "1/4",
    "토글상태": true,
    "hand": "오른손",
    "grip": "클래식"
}